Ticker,Year,Word,Frequency,Topic,TotalWords
AAPL,2017,align,15291,Governance,815001
AAPL,2017,family,10720,Governance,815001
AAPL,2017,fasb,1416,Governance,815001
AAPL,2017,asc,703,Governance,815001
AAPL,2017,award,526,Governance,815001
AAPL,2017,gaap,372,Governance,815001
AAPL,2017,disclosure,273,Governance,815001
AAPL,2017,compensation,241,Governance,815001
AAPL,2017,vest,227,Governance,815001
AAPL,2017,rsus,169,Governance,815001
AAPL,2018,align,12840,Governance,709494
AAPL,2018,family,8986,Governance,709494
AAPL,2018,fasb,2003,Governance,709494
AAPL,2018,gaap,889,Governance,709494
AAPL,2018,asc,713,Governance,709494
AAPL,2018,award,311,Governance,709494
AAPL,2018,disclosure,238,Governance,709494
AAPL,2018,compensation,200,Governance,709494
AAPL,2018,vest,191,Governance,709494
AAPL,2018,rsus,131,Governance,709494
AAPL,2019,align,23139,Governance,1162133
AAPL,2019,family,16076,Governance,1162133
AAPL,2019,gaap,4678,Governance,1162133
AAPL,2019,fasb,3590,Governance,1162133
AAPL,2019,asc,1238,Governance,1162133
AAPL,2019,presentation,654,Governance,1162133
AAPL,2019,disclosure,479,Governance,1162133
AAPL,2019,award,369,Governance,1162133
AAPL,2019,vest,195,Governance,1162133
AAPL,2019,compensation,193,Governance,1162133
AAPL,2020,align,19567,Governance,986878
AAPL,2020,family,6976,Governance,986878
AAPL,2020,gaap,4721,Governance,986878
AAPL,2020,fasb,4584,Governance,986878
AAPL,2020,asc,1774,Governance,986878
AAPL,2020,presentation,724,Governance,986878
AAPL,2020,disclosure,526,Governance,986878
AAPL,2020,award,339,Governance,986878
AAPL,2020,vest,194,Governance,986878
AAPL,2020,compensation,171,Governance,986878
AAPL,2016,align,15083,Governance,775367
AAPL,2016,family,10220,Governance,775367
AAPL,2016,fasb,1493,Governance,775367
AAPL,2016,asc,743,Governance,775367
AAPL,2016,gaap,317,Governance,775367
AAPL,2016,award,305,Governance,775367
AAPL,2016,disclosure,285,Governance,775367
AAPL,2016,compensation,224,Governance,775367
AAPL,2016,vest,189,Governance,775367
AAPL,2016,rsus,160,Governance,775367
AMZN,2017,fasb,1818,Governance,244221
AMZN,2017,asc,890,Governance,244221
AMZN,2017,compensation,279,Governance,244221
AMZN,2017,disclosure,267,Governance,244221
AMZN,2017,gaap,226,Governance,244221
AMZN,2017,award,112,Governance,244221
AMZN,2017,vest,105,Governance,244221
AMZN,2017,control,92,Governance,244221
AMZN,2017,evaluate,81,Governance,244221
AMZN,2017,website,76,Governance,244221
AMZN,2018,fasb,1618,Governance,249648
AMZN,2018,asc,791,Governance,249648
AMZN,2018,gaap,335,Governance,249648
AMZN,2018,compensation,327,Governance,249648
AMZN,2018,disclosure,285,Governance,249648
AMZN,2018,award,134,Governance,249648
AMZN,2018,vest,106,Governance,249648
AMZN,2018,control,91,Governance,249648
AMZN,2018,website,73,Governance,249648
AMZN,2018,evaluate,69,Governance,249648
AMZN,2019,fasb,2377,Governance,247781
AMZN,2019,gaap,990,Governance,247781
AMZN,2019,asc,831,Governance,247781
AMZN,2019,disclosure,282,Governance,247781
AMZN,2019,compensation,225,Governance,247781
AMZN,2019,award,215,Governance,247781
AMZN,2019,vest,114,Governance,247781
AMZN,2019,control,106,Governance,247781
AMZN,2019,disclose,62,Governance,247781
AMZN,2019,evaluate,58,Governance,247781
AMZN,2020,align,21228,Governance,1145674
AMZN,2020,family,15776,Governance,1145674
AMZN,2020,gaap,4960,Governance,1145674
AMZN,2020,fasb,3945,Governance,1145674
AMZN,2020,asc,1344,Governance,1145674
AMZN,2020,presentation,800,Governance,1145674
AMZN,2020,disclosure,553,Governance,1145674
AMZN,2020,compensation,238,Governance,1145674
AMZN,2020,award,190,Governance,1145674
AMZN,2020,control,128,Governance,1145674
AMZN,2021,fasb,4602,Governance,341006
AMZN,2021,asc,1793,Governance,341006
AMZN,2021,gaap,1764,Governance,341006
AMZN,2021,presentation,749,Governance,341006
AMZN,2021,disclosure,529,Governance,341006
AMZN,2021,compensation,227,Governance,341006
AMZN,2021,award,191,Governance,341006
AMZN,2021,disclosures,168,Governance,341006
AMZN,2021,vest,129,Governance,341006
AMZN,2021,control,118,Governance,341006
GOOG,2017,align,17024,Governance,923101
GOOG,2017,family,11499,Governance,923101
GOOG,2017,fasb,2181,Governance,923101
GOOG,2017,asc,1085,Governance,923101
GOOG,2017,gaap,505,Governance,923101
GOOG,2017,disclosure,357,Governance,923101
GOOG,2017,compensation,269,Governance,923101
GOOG,2017,award,115,Governance,923101
GOOG,2017,control,111,Governance,923101
GOOG,2017,disclose,78,Governance,923101
GOOG,2018,align,14437,Governance,810453
GOOG,2018,family,9981,Governance,810453
GOOG,2018,fasb,1620,Governance,810453
GOOG,2018,asc,801,Governance,810453
GOOG,2018,gaap,402,Governance,810453
GOOG,2018,disclosure,316,Governance,810453
GOOG,2018,compensation,237,Governance,810453
GOOG,2018,control,129,Governance,810453
GOOG,2018,award,94,Governance,810453
GOOG,2018,disclose,75,Governance,810453
GOOG,2019,align,14343,Governance,827256
GOOG,2019,family,10131,Governance,827256
GOOG,2019,fasb,2379,Governance,827256
GOOG,2019,gaap,1104,Governance,827256
GOOG,2019,asc,851,Governance,827256
GOOG,2019,disclosure,312,Governance,827256
GOOG,2019,compensation,239,Governance,827256
GOOG,2019,control,117,Governance,827256
GOOG,2019,assessment,104,Governance,827256
GOOG,2019,award,99,Governance,827256
GOOG,2020,align,30730,Governance,1519299
GOOG,2020,family,20683,Governance,1519299
GOOG,2020,gaap,5567,Governance,1519299
GOOG,2020,fasb,4227,Governance,1519299
GOOG,2020,asc,1449,Governance,1519299
GOOG,2020,presentation,841,Governance,1519299
GOOG,2020,disclosure,591,Governance,1519299
GOOG,2020,compensation,272,Governance,1519299
GOOG,2020,award,192,Governance,1519299
GOOG,2020,control,143,Governance,1519299
GOOG,2021,align,24318,Governance,1213217
GOOG,2021,family,8923,Governance,1213217
GOOG,2021,gaap,5628,Governance,1213217
GOOG,2021,fasb,5021,Governance,1213217
GOOG,2021,asc,1935,Governance,1213217
GOOG,2021,presentation,777,Governance,1213217
GOOG,2021,disclosure,594,Governance,1213217
GOOG,2021,compensation,245,Governance,1213217
GOOG,2021,award,156,Governance,1213217
GOOG,2021,assessment,150,Governance,1213217
FB,2020,align,36298,Governance,1731546
FB,2020,family,24441,Governance,1731546
FB,2020,fasb,3673,Governance,1731546
FB,2020,gaap,1691,Governance,1731546
FB,2020,asc,1404,Governance,1731546
FB,2020,disclosure,513,Governance,1731546
FB,2020,compensation,224,Governance,1731546
FB,2020,evaluate,216,Governance,1731546
FB,2020,control,196,Governance,1731546
FB,2020,award,115,Governance,1731546
FB,2021,align,66567,Governance,2796780
FB,2021,family,23733,Governance,2796780
FB,2021,gaap,11712,Governance,2796780
FB,2021,fasb,7639,Governance,2796780
FB,2021,asc,3056,Governance,2796780
FB,2021,presentation,1241,Governance,2796780
FB,2021,disclosure,981,Governance,2796780
FB,2021,compensation,365,Governance,2796780
FB,2021,award,300,Governance,2796780
FB,2021,control,221,Governance,2796780
BRK,2018,align,5989,Governance,990974
BRK,2018,family,3209,Governance,990974
BRK,2018,fasb,2167,Governance,990974
BRK,2018,gaap,1145,Governance,990974
BRK,2018,asc,1098,Governance,990974
BRK,2018,disclosure,455,Governance,990974
BRK,2018,pension,173,Governance,990974
BRK,2018,control,108,Governance,990974
BRK,2018,compensation,84,Governance,990974
BRK,2018,disclose,83,Governance,990974
BRK,2019,align,6498,Governance,1035279
BRK,2019,family,3363,Governance,1035279
BRK,2019,fasb,3263,Governance,1035279
BRK,2019,gaap,1853,Governance,1035279
BRK,2019,asc,1297,Governance,1035279
BRK,2019,disclosure,483,Governance,1035279
BRK,2019,pension,170,Governance,1035279
BRK,2019,control,132,Governance,1035279
BRK,2019,compensation,102,Governance,1035279
BRK,2019,evaluate,84,Governance,1035279
BRK,2017,align,2293,Governance,385031
BRK,2017,fasb,866,Governance,385031
BRK,2017,asc,453,Governance,385031
BRK,2017,disclosure,138,Governance,385031
BRK,2017,control,86,Governance,385031
BRK,2017,gaap,82,Governance,385031
BRK,2017,cd,67,Governance,385031
BRK,2017,vote,44,Governance,385031
BRK,2017,elect,41,Governance,385031
BRK,2017,compensation,41,Governance,385031
BRK,2020,family,62940,Governance,5318191
BRK,2020,align,18135,Governance,5318191
BRK,2020,gaap,17497,Governance,5318191
BRK,2020,transparent,10163,Governance,5318191
BRK,2020,fasb,8909,Governance,5318191
BRK,2020,asc,2018,Governance,5318191
BRK,2020,presentation,1041,Governance,5318191
BRK,2020,disclosure,914,Governance,5318191
BRK,2020,pension,236,Governance,5318191
BRK,2020,control,143,Governance,5318191
BRK,2021,family,64466,Governance,5545974
BRK,2021,align,18695,Governance,5545974
BRK,2021,gaap,17811,Governance,5545974
BRK,2021,transparent,10773,Governance,5545974
BRK,2021,fasb,10569,Governance,5545974
BRK,2021,asc,2781,Governance,5545974
BRK,2021,presentation,1082,Governance,5545974
BRK,2021,disclosure,952,Governance,5545974
BRK,2021,pension,255,Governance,5545974
BRK,2021,control,148,Governance,5545974
BAC,2017,align,227816,Governance,9027158
BAC,2017,family,145416,Governance,9027158
BAC,2017,gaap,34748,Governance,9027158
BAC,2017,fasb,10571,Governance,9027158
BAC,2017,asc,1972,Governance,9027158
BAC,2017,disclosure,707,Governance,9027158
BAC,2017,pension,418,Governance,9027158
BAC,2017,compensation,249,Governance,9027158
BAC,2017,control,218,Governance,9027158
BAC,2017,award,183,Governance,9027158
BAC,2018,align,109950,Governance,4448218
BAC,2018,family,70669,Governance,4448218
BAC,2018,gaap,3395,Governance,4448218
BAC,2018,fasb,3364,Governance,4448218
BAC,2018,asc,1668,Governance,4448218
BAC,2018,disclosure,701,Governance,4448218
BAC,2018,pension,350,Governance,4448218
BAC,2018,compensation,284,Governance,4448218
BAC,2018,award,211,Governance,4448218
BAC,2018,control,193,Governance,4448218
BAC,2019,align,211647,Governance,7781740
BAC,2019,family,136353,Governance,7781740
BAC,2019,gaap,27062,Governance,7781740
BAC,2019,fasb,7317,Governance,7781740
BAC,2019,asc,2369,Governance,7781740
BAC,2019,presentation,1874,Governance,7781740
BAC,2019,disclosure,1262,Governance,7781740
BAC,2019,pension,423,Governance,7781740
BAC,2019,compensation,414,Governance,7781740
BAC,2019,award,247,Governance,7781740
BAC,2020,align,211307,Governance,8259414
BAC,2020,family,136567,Governance,8259414
BAC,2020,gaap,26653,Governance,8259414
BAC,2020,fasb,7294,Governance,8259414
BAC,2020,asc,2426,Governance,8259414
BAC,2020,presentation,1861,Governance,8259414
BAC,2020,disclosure,1259,Governance,8259414
BAC,2020,vote,1051,Governance,8259414
BAC,2020,duly,427,Governance,8259414
BAC,2020,pension,391,Governance,8259414
BAC,2021,align,157500,Governance,5694447
BAC,2021,family,63152,Governance,5694447
BAC,2021,gaap,25706,Governance,5694447
BAC,2021,fasb,8495,Governance,5694447
BAC,2021,asc,3195,Governance,5694447
BAC,2021,presentation,1836,Governance,5694447
BAC,2021,disclosure,1267,Governance,5694447
BAC,2021,vote,1155,Governance,5694447
BAC,2021,duly,459,Governance,5694447
BAC,2021,pension,374,Governance,5694447
CMCSA,2018,align,31448,Governance,1626700
CMCSA,2018,family,18719,Governance,1626700
CMCSA,2018,fasb,2018,Governance,1626700
CMCSA,2018,asc,991,Governance,1626700
CMCSA,2018,gaap,500,Governance,1626700
CMCSA,2018,compensation,409,Governance,1626700
CMCSA,2018,disclosure,405,Governance,1626700
CMCSA,2018,award,218,Governance,1626700
CMCSA,2018,control,180,Governance,1626700
CMCSA,2018,election,148,Governance,1626700
CMCSA,2019,align,35673,Governance,2000085
CMCSA,2019,family,21006,Governance,2000085
CMCSA,2019,fasb,3095,Governance,2000085
CMCSA,2019,gaap,1291,Governance,2000085
CMCSA,2019,asc,1106,Governance,2000085
CMCSA,2019,compensation,468,Governance,2000085
CMCSA,2019,disclosure,417,Governance,2000085
CMCSA,2019,election,333,Governance,2000085
CMCSA,2019,control,311,Governance,2000085
CMCSA,2019,award,233,Governance,2000085
CMCSA,2020,align,65789,Governance,3248179
CMCSA,2020,family,39530,Governance,3248179
CMCSA,2020,gaap,9644,Governance,3248179
CMCSA,2020,fasb,4558,Governance,3248179
CMCSA,2020,asc,1589,Governance,3248179
CMCSA,2020,presentation,983,Governance,3248179
CMCSA,2020,disclosure,750,Governance,3248179
CMCSA,2020,compensation,462,Governance,3248179
CMCSA,2020,award,284,Governance,3248179
CMCSA,2020,election,281,Governance,3248179
CMCSA,2021,align,21352,Governance,1553663
CMCSA,2021,family,8497,Governance,1553663
CMCSA,2021,fasb,4691,Governance,1553663
CMCSA,2021,gaap,4657,Governance,1553663
CMCSA,2021,asc,1860,Governance,1553663
CMCSA,2021,presentation,727,Governance,1553663
CMCSA,2021,disclosure,597,Governance,1553663
CMCSA,2021,compensation,353,Governance,1553663
CMCSA,2021,award,351,Governance,1553663
CMCSA,2021,election,298,Governance,1553663
CMCSA,2017,align,31360,Governance,1518022
CMCSA,2017,family,18527,Governance,1518022
CMCSA,2017,fasb,2310,Governance,1518022
CMCSA,2017,asc,1131,Governance,1518022
CMCSA,2017,compensation,433,Governance,1518022
CMCSA,2017,disclosure,387,Governance,1518022
CMCSA,2017,gaap,383,Governance,1518022
CMCSA,2017,award,275,Governance,1518022
CMCSA,2017,control,204,Governance,1518022
CMCSA,2017,election,150,Governance,1518022
XOM,2017,align,61973,Governance,2090034
XOM,2017,family,33931,Governance,2090034
XOM,2017,gaap,13952,Governance,2090034
XOM,2017,fasb,6633,Governance,2090034
XOM,2017,asc,1007,Governance,2090034
XOM,2017,pension,401,Governance,2090034
XOM,2017,disclosure,397,Governance,2090034
XOM,2017,award,301,Governance,2090034
XOM,2017,retirement,147,Governance,2090034
XOM,2017,evaluate,138,Governance,2090034
XOM,2018,align,62280,Governance,2120390
XOM,2018,family,34644,Governance,2120390
XOM,2018,gaap,14495,Governance,2120390
XOM,2018,fasb,6694,Governance,2120390
XOM,2018,asc,908,Governance,2120390
XOM,2018,disclosure,410,Governance,2120390
XOM,2018,award,384,Governance,2120390
XOM,2018,pension,355,Governance,2120390
XOM,2018,retirement,168,Governance,2120390
XOM,2018,compensation,164,Governance,2120390
XOM,2019,align,64172,Governance,2145104
XOM,2019,family,35574,Governance,2145104
XOM,2019,gaap,14073,Governance,2145104
XOM,2019,fasb,7477,Governance,2145104
XOM,2019,asc,942,Governance,2145104
XOM,2019,pension,425,Governance,2145104
XOM,2019,disclosure,398,Governance,2145104
XOM,2019,award,383,Governance,2145104
XOM,2019,retirement,182,Governance,2145104
XOM,2019,compensation,158,Governance,2145104
XOM,2020,align,87690,Governance,2741275
XOM,2020,family,39083,Governance,2741275
XOM,2020,gaap,15792,Governance,2741275
XOM,2020,fasb,9497,Governance,2741275
XOM,2020,asc,1578,Governance,2741275
XOM,2020,presentation,955,Governance,2741275
XOM,2020,disclosure,685,Governance,2741275
XOM,2020,pension,435,Governance,2741275
XOM,2020,award,362,Governance,2741275
XOM,2020,retirement,237,Governance,2741275
XOM,2021,align,43286,Governance,1834072
XOM,2021,family,14916,Governance,1834072
XOM,2021,gaap,11581,Governance,1834072
XOM,2021,fasb,7071,Governance,1834072
XOM,2021,asc,1645,Governance,1834072
XOM,2021,presentation,965,Governance,1834072
XOM,2021,disclosure,711,Governance,1834072
XOM,2021,pension,403,Governance,1834072
XOM,2021,award,323,Governance,1834072
XOM,2021,retirement,251,Governance,1834072
KO,2017,align,29678,Governance,1566527
KO,2017,family,20729,Governance,1566527
KO,2017,fasb,3162,Governance,1566527
KO,2017,asc,1557,Governance,1566527
KO,2017,gaap,1046,Governance,1566527
KO,2017,pension,667,Governance,1566527
KO,2017,disclosure,500,Governance,1566527
KO,2017,award,344,Governance,1566527
KO,2017,compensation,315,Governance,1566527
KO,2017,control,160,Governance,1566527
KO,2018,align,31145,Governance,1635128
KO,2018,family,21916,Governance,1635128
KO,2018,fasb,3022,Governance,1635128
KO,2018,asc,1479,Governance,1635128
KO,2018,gaap,1059,Governance,1635128
KO,2018,pension,621,Governance,1635128
KO,2018,disclosure,485,Governance,1635128
KO,2018,award,387,Governance,1635128
KO,2018,compensation,356,Governance,1635128
KO,2018,control,209,Governance,1635128
KO,2019,align,32735,Governance,1739734
KO,2019,family,22569,Governance,1739734
KO,2019,fasb,5082,Governance,1739734
KO,2019,gaap,2543,Governance,1739734
KO,2019,asc,1898,Governance,1739734
KO,2019,pension,616,Governance,1739734
KO,2019,disclosure,504,Governance,1739734
KO,2019,compensation,364,Governance,1739734
KO,2019,award,357,Governance,1739734
KO,2019,control,242,Governance,1739734
KO,2020,align,58222,Governance,2698213
KO,2020,family,39398,Governance,2698213
KO,2020,gaap,10898,Governance,2698213
KO,2020,fasb,6527,Governance,2698213
KO,2020,asc,2322,Governance,2698213
KO,2020,presentation,1263,Governance,2698213
KO,2020,disclosure,856,Governance,2698213
KO,2020,pension,705,Governance,2698213
KO,2020,award,470,Governance,2698213
KO,2020,compensation,414,Governance,2698213
KO,2021,align,49831,Governance,2332182
KO,2021,family,21376,Governance,2332182
KO,2021,gaap,10918,Governance,2332182
KO,2021,fasb,7534,Governance,2332182
KO,2021,asc,2916,Governance,2332182
KO,2021,presentation,1208,Governance,2332182
KO,2021,disclosure,784,Governance,2332182
KO,2021,pension,751,Governance,2332182
KO,2021,award,453,Governance,2332182
KO,2021,compensation,419,Governance,2332182
T,2021,independent,129,Governance,54527
T,2021,control,100,Governance,54527
T,2021,audit,89,Governance,54527
T,2021,incentive,60,Governance,54527
T,2021,elect,45,Governance,54527
T,2021,appreciation,37,Governance,54527
T,2021,compensation,34,Governance,54527
T,2021,conflict,33,Governance,54527
T,2021,governance,25,Governance,54527
T,2021,disclosure,24,Governance,54527
CSCO,2016,align,25237,Governance,1329984
CSCO,2016,family,16642,Governance,1329984
CSCO,2016,fasb,2365,Governance,1329984
CSCO,2016,asc,1169,Governance,1329984
CSCO,2016,gaap,821,Governance,1329984
CSCO,2016,award,729,Governance,1329984
CSCO,2016,compensation,624,Governance,1329984
CSCO,2016,vest,587,Governance,1329984
CSCO,2016,disclosure,434,Governance,1329984
CSCO,2016,control,140,Governance,1329984
CSCO,2017,align,26768,Governance,1385355
CSCO,2017,family,17572,Governance,1385355
CSCO,2017,fasb,2349,Governance,1385355
CSCO,2017,asc,1150,Governance,1385355
CSCO,2017,gaap,1001,Governance,1385355
CSCO,2017,award,869,Governance,1385355
CSCO,2017,vest,635,Governance,1385355
CSCO,2017,compensation,626,Governance,1385355
CSCO,2017,disclosure,452,Governance,1385355
CSCO,2017,consent,177,Governance,1385355
CSCO,2018,align,25488,Governance,1357313
CSCO,2018,family,16817,Governance,1357313
CSCO,2018,fasb,3379,Governance,1357313
CSCO,2018,gaap,1856,Governance,1357313
CSCO,2018,asc,1241,Governance,1357313
CSCO,2018,award,898,Governance,1357313
CSCO,2018,vest,698,Governance,1357313
CSCO,2018,compensation,663,Governance,1357313
CSCO,2018,disclosure,435,Governance,1357313
CSCO,2018,consent,204,Governance,1357313
CSCO,2019,align,26422,Governance,1300912
CSCO,2019,family,17238,Governance,1300912
CSCO,2019,fasb,3601,Governance,1300912
CSCO,2019,gaap,1640,Governance,1300912
CSCO,2019,asc,1459,Governance,1300912
CSCO,2019,disclosure,434,Governance,1300912
CSCO,2019,compensation,375,Governance,1300912
CSCO,2019,award,315,Governance,1300912
CSCO,2019,control,156,Governance,1300912
CSCO,2019,assess,96,Governance,1300912
CSCO,2020,align,49420,Governance,2336557
CSCO,2020,family,32316,Governance,2336557
CSCO,2020,gaap,8781,Governance,2336557
CSCO,2020,fasb,6974,Governance,2336557
CSCO,2020,asc,2681,Governance,2336557
CSCO,2020,presentation,1132,Governance,2336557
CSCO,2020,award,899,Governance,2336557
CSCO,2020,disclosure,840,Governance,2336557
CSCO,2020,vest,713,Governance,2336557
CSCO,2020,compensation,642,Governance,2336557
ABT,2017,family,25172,Governance,1154600
ABT,2017,align,4494,Governance,1154600
ABT,2017,fasb,2593,Governance,1154600
ABT,2017,asc,1303,Governance,1154600
ABT,2017,gaap,544,Governance,1154600
ABT,2017,disclosure,299,Governance,1154600
ABT,2017,compensation,281,Governance,1154600
ABT,2017,control,251,Governance,1154600
ABT,2017,award,235,Governance,1154600
ABT,2017,consent,171,Governance,1154600
ABT,2018,fasb,2281,Governance,308939
ABT,2018,asc,1142,Governance,308939
ABT,2018,gaap,525,Governance,308939
ABT,2018,compensation,413,Governance,308939
ABT,2018,disclosure,293,Governance,308939
ABT,2018,award,248,Governance,308939
ABT,2018,vest,152,Governance,308939
ABT,2018,control,142,Governance,308939
ABT,2018,incentive,141,Governance,308939
ABT,2018,election,112,Governance,308939
ABT,2019,fasb,3526,Governance,311535
ABT,2019,gaap,1517,Governance,311535
ABT,2019,asc,1252,Governance,311535
ABT,2019,disclosure,314,Governance,311535
ABT,2019,award,222,Governance,311535
ABT,2019,compensation,222,Governance,311535
ABT,2019,pension,132,Governance,311535
ABT,2019,incentive,129,Governance,311535
ABT,2019,control,121,Governance,311535
ABT,2019,vest,103,Governance,311535
ABT,2020,align,11522,Governance,935669
ABT,2020,family,9164,Governance,935669
ABT,2020,fasb,5195,Governance,935669
ABT,2020,gaap,2850,Governance,935669
ABT,2020,asc,1809,Governance,935669
ABT,2020,presentation,967,Governance,935669
ABT,2020,disclosure,638,Governance,935669
ABT,2020,compensation,373,Governance,935669
ABT,2020,award,318,Governance,935669
ABT,2020,incentive,161,Governance,935669
ABT,2021,fasb,5548,Governance,517621
ABT,2021,gaap,2423,Governance,517621
ABT,2021,asc,2160,Governance,517621
ABT,2021,presentation,865,Governance,517621
ABT,2021,award,618,Governance,517621
ABT,2021,disclosure,590,Governance,517621
ABT,2021,compensation,432,Governance,517621
ABT,2021,control,407,Governance,517621
ABT,2021,retirement,324,Governance,517621
ABT,2021,pension,199,Governance,517621
CVX,2017,align,28202,Governance,1942855
CVX,2017,family,18726,Governance,1942855
CVX,2017,fasb,2771,Governance,1942855
CVX,2017,asc,1377,Governance,1942855
CVX,2017,gaap,1127,Governance,1942855
CVX,2017,pension,494,Governance,1942855
CVX,2017,disclosure,406,Governance,1942855
CVX,2017,award,259,Governance,1942855
CVX,2017,compensation,247,Governance,1942855
CVX,2017,environmental,163,Environmental,1942855
CVX,2018,align,29085,Governance,1707444
CVX,2018,family,19335,Governance,1707444
CVX,2018,fasb,2315,Governance,1707444
CVX,2018,gaap,1326,Governance,1707444
CVX,2018,asc,1136,Governance,1707444
CVX,2018,pension,474,Governance,1707444
CVX,2018,disclosure,397,Governance,1707444
CVX,2018,award,280,Governance,1707444
CVX,2018,compensation,256,Governance,1707444
CVX,2018,environmental,155,Environmental,1707444
CVX,2019,align,28767,Governance,1928760
CVX,2019,family,19167,Governance,1928760
CVX,2019,fasb,3399,Governance,1928760
CVX,2019,gaap,2178,Governance,1928760
CVX,2019,asc,1243,Governance,1928760
CVX,2019,pension,493,Governance,1928760
CVX,2019,disclosure,378,Governance,1928760
CVX,2019,award,281,Governance,1928760
CVX,2019,compensation,242,Governance,1928760
CVX,2019,environmental,157,Environmental,1928760
CVX,2020,align,60117,Governance,2987685
CVX,2020,family,39654,Governance,2987685
CVX,2020,gaap,11264,Governance,2987685
CVX,2020,fasb,5547,Governance,2987685
CVX,2020,asc,1946,Governance,2987685
CVX,2020,presentation,1079,Governance,2987685
CVX,2020,disclosure,725,Governance,2987685
CVX,2020,pension,574,Governance,2987685
CVX,2020,award,396,Governance,2987685
CVX,2020,compensation,299,Governance,2987685
CVX,2021,align,47527,Governance,2616615
CVX,2021,family,19072,Governance,2616615
CVX,2021,gaap,11353,Governance,2616615
CVX,2021,fasb,7156,Governance,2616615
CVX,2021,asc,2820,Governance,2616615
CVX,2021,presentation,1101,Governance,2616615
CVX,2021,disclosure,783,Governance,2616615
CVX,2021,pension,508,Governance,2616615
CVX,2021,award,395,Governance,2616615
CVX,2021,cd,325,Governance,2616615
ABBV,2017,align,17513,Governance,1039549
ABBV,2017,family,12085,Governance,1039549
ABBV,2017,fasb,2197,Governance,1039549
ABBV,2017,asc,1083,Governance,1039549
ABBV,2017,gaap,524,Governance,1039549
ABBV,2017,disclosure,343,Governance,1039549
ABBV,2017,compensation,317,Governance,1039549
ABBV,2017,pension,280,Governance,1039549
ABBV,2017,award,193,Governance,1039549
ABBV,2017,vest,158,Governance,1039549
ABBV,2018,align,17532,Governance,1028781
ABBV,2018,family,12087,Governance,1028781
ABBV,2018,fasb,1970,Governance,1028781
ABBV,2018,asc,963,Governance,1028781
ABBV,2018,gaap,560,Governance,1028781
ABBV,2018,disclosure,343,Governance,1028781
ABBV,2018,compensation,268,Governance,1028781
ABBV,2018,award,251,Governance,1028781
ABBV,2018,control,168,Governance,1028781
ABBV,2018,vest,163,Governance,1028781
ABBV,2019,align,18682,Governance,1072759
ABBV,2019,family,12888,Governance,1072759
ABBV,2019,fasb,3025,Governance,1072759
ABBV,2019,gaap,1499,Governance,1072759
ABBV,2019,asc,1075,Governance,1072759
ABBV,2019,disclosure,339,Governance,1072759
ABBV,2019,compensation,239,Governance,1072759
ABBV,2019,award,183,Governance,1072759
ABBV,2019,control,143,Governance,1072759
ABBV,2019,vest,112,Governance,1072759
ABBV,2020,align,38385,Governance,1940342
ABBV,2020,family,26257,Governance,1940342
ABBV,2020,gaap,8138,Governance,1940342
ABBV,2020,fasb,4817,Governance,1940342
ABBV,2020,asc,1649,Governance,1940342
ABBV,2020,presentation,1028,Governance,1940342
ABBV,2020,disclosure,671,Governance,1940342
ABBV,2020,compensation,258,Governance,1940342
ABBV,2020,award,246,Governance,1940342
ABBV,2020,control,165,Governance,1940342
ABBV,2021,align,37024,Governance,1756550
ABBV,2021,family,13817,Governance,1756550
ABBV,2021,gaap,9541,Governance,1756550
ABBV,2021,fasb,6235,Governance,1756550
ABBV,2021,asc,2386,Governance,1756550
ABBV,2021,presentation,1146,Governance,1756550
ABBV,2021,disclosure,684,Governance,1756550
ABBV,2021,award,322,Governance,1756550
ABBV,2021,compensation,272,Governance,1756550
ABBV,2021,control,174,Governance,1756550
ACN,2016,fasb,2057,Governance,271476
ACN,2016,asc,1010,Governance,271476
ACN,2016,pension,434,Governance,271476
ACN,2016,disclosure,382,Governance,271476
ACN,2016,gaap,329,Governance,271476
ACN,2016,compensation,288,Governance,271476
ACN,2016,control,152,Governance,271476
ACN,2016,award,142,Governance,271476
ACN,2016,retirement,90,Governance,271476
ACN,2016,disclose,84,Governance,271476
ACN,2017,fasb,1779,Governance,267297
ACN,2017,asc,889,Governance,267297
ACN,2017,pension,377,Governance,267297
ACN,2017,disclosure,339,Governance,267297
ACN,2017,compensation,295,Governance,267297
ACN,2017,gaap,282,Governance,267297
ACN,2017,control,157,Governance,267297
ACN,2017,award,148,Governance,267297
ACN,2017,retirement,97,Governance,267297
ACN,2017,disclose,86,Governance,267297
ACN,2018,fasb,1758,Governance,270010
ACN,2018,asc,881,Governance,270010
ACN,2018,pension,380,Governance,270010
ACN,2018,disclosure,346,Governance,270010
ACN,2018,gaap,296,Governance,270010
ACN,2018,compensation,276,Governance,270010
ACN,2018,control,149,Governance,270010
ACN,2018,award,121,Governance,270010
ACN,2018,retirement,109,Governance,270010
ACN,2018,disclose,80,Governance,270010
ACN,2019,align,10060,Governance,744548
ACN,2019,family,6762,Governance,744548
ACN,2019,fasb,4521,Governance,744548
ACN,2019,gaap,2098,Governance,744548
ACN,2019,asc,1550,Governance,744548
ACN,2019,presentation,876,Governance,744548
ACN,2019,disclosure,642,Governance,744548
ACN,2019,pension,486,Governance,744548
ACN,2019,compensation,317,Governance,744548
ACN,2019,award,190,Governance,744548
ACN,2020,align,34490,Governance,1648377
ACN,2020,family,9402,Governance,1648377
ACN,2020,gaap,5766,Governance,1648377
ACN,2020,fasb,5718,Governance,1648377
ACN,2020,asc,2224,Governance,1648377
ACN,2020,presentation,855,Governance,1648377
ACN,2020,disclosure,648,Governance,1648377
ACN,2020,pension,404,Governance,1648377
ACN,2020,compensation,312,Governance,1648377
ACN,2020,award,185,Governance,1648377
AVGO,2018,align,41225,Governance,1849685
AVGO,2018,family,26754,Governance,1849685
AVGO,2018,fasb,3916,Governance,1849685
AVGO,2018,gaap,1511,Governance,1849685
AVGO,2018,asc,1412,Governance,1849685
AVGO,2018,award,893,Governance,1849685
AVGO,2018,rsus,630,Governance,1849685
AVGO,2018,vest,627,Governance,1849685
AVGO,2018,compensation,541,Governance,1849685
AVGO,2018,disclosure,435,Governance,1849685
AVGO,2019,align,76084,Governance,3151859
AVGO,2019,family,50417,Governance,3151859
AVGO,2019,gaap,9170,Governance,3151859
AVGO,2019,fasb,5660,Governance,3151859
AVGO,2019,asc,1907,Governance,3151859
AVGO,2019,presentation,1052,Governance,3151859
AVGO,2019,disclosure,781,Governance,3151859
AVGO,2019,award,734,Governance,3151859
AVGO,2019,compensation,548,Governance,3151859
AVGO,2019,retirement,368,Governance,3151859
AVGO,2020,align,27927,Governance,1479593
AVGO,2020,family,10931,Governance,1479593
AVGO,2020,gaap,7189,Governance,1479593
AVGO,2020,fasb,6178,Governance,1479593
AVGO,2020,asc,2356,Governance,1479593
AVGO,2020,presentation,1022,Governance,1479593
AVGO,2020,award,719,Governance,1479593
AVGO,2020,disclosure,711,Governance,1479593
AVGO,2020,compensation,400,Governance,1479593
AVGO,2020,vest,358,Governance,1479593
LLY,2017,align,23046,Governance,1221980
LLY,2017,family,15846,Governance,1221980
LLY,2017,fasb,2565,Governance,1221980
LLY,2017,asc,1281,Governance,1221980
LLY,2017,gaap,889,Governance,1221980
LLY,2017,award,392,Governance,1221980
LLY,2017,disclosure,332,Governance,1221980
LLY,2017,compensation,292,Governance,1221980
LLY,2017,pension,291,Governance,1221980
LLY,2017,human,155,Social,1221980
LLY,2018,align,22006,Governance,1169555
LLY,2018,family,15185,Governance,1169555
LLY,2018,fasb,2095,Governance,1169555
LLY,2018,asc,1053,Governance,1169555
LLY,2018,gaap,1049,Governance,1169555
LLY,2018,disclosure,352,Governance,1169555
LLY,2018,award,342,Governance,1169555
LLY,2018,compensation,238,Governance,1169555
LLY,2018,pension,233,Governance,1169555
LLY,2018,retirement,202,Governance,1169555
LLY,2019,align,22946,Governance,1240098
LLY,2019,family,15824,Governance,1240098
LLY,2019,fasb,3011,Governance,1240098
LLY,2019,gaap,1920,Governance,1240098
LLY,2019,asc,1085,Governance,1240098
LLY,2019,disclosure,362,Governance,1240098
LLY,2019,award,319,Governance,1240098
LLY,2019,pension,241,Governance,1240098
LLY,2019,compensation,224,Governance,1240098
LLY,2019,human,199,Social,1240098
LLY,2020,align,44457,Governance,2165312
LLY,2020,family,30198,Governance,2165312
LLY,2020,gaap,10280,Governance,2165312
LLY,2020,fasb,5432,Governance,2165312
LLY,2020,asc,1888,Governance,2165312
LLY,2020,presentation,969,Governance,2165312
LLY,2020,disclosure,735,Governance,2165312
LLY,2020,award,711,Governance,2165312
LLY,2020,compensation,273,Governance,2165312
LLY,2020,pension,254,Governance,2165312
LLY,2021,align,33486,Governance,1696398
LLY,2021,family,13735,Governance,1696398
LLY,2021,gaap,10380,Governance,1696398
LLY,2021,fasb,6067,Governance,1696398
LLY,2021,asc,2345,Governance,1696398
LLY,2021,award,1313,Governance,1696398
LLY,2021,presentation,1011,Governance,1696398
LLY,2021,disclosure,692,Governance,1696398
LLY,2021,compensation,346,Governance,1696398
LLY,2021,pension,261,Governance,1696398
COST,2016,fasb,1718,Governance,188074
COST,2016,asc,844,Governance,188074
COST,2016,compensation,240,Governance,188074
COST,2016,disclosure,229,Governance,188074
COST,2016,gaap,192,Governance,188074
COST,2016,award,150,Governance,188074
COST,2016,vest,120,Governance,188074
COST,2016,control,89,Governance,188074
COST,2016,rsus,82,Governance,188074
COST,2016,retirement,53,Governance,188074
COST,2017,fasb,1442,Governance,177698
COST,2017,asc,714,Governance,177698
COST,2017,compensation,243,Governance,177698
COST,2017,disclosure,210,Governance,177698
COST,2017,gaap,196,Governance,177698
COST,2017,award,146,Governance,177698
COST,2017,vest,124,Governance,177698
COST,2017,control,94,Governance,177698
COST,2017,rsus,88,Governance,177698
COST,2017,retirement,51,Governance,177698
COST,2018,align,7648,Governance,505356
COST,2018,family,5324,Governance,505356
COST,2018,fasb,2138,Governance,505356
COST,2018,gaap,783,Governance,505356
COST,2018,asc,762,Governance,505356
COST,2018,disclosure,245,Governance,505356
COST,2018,compensation,229,Governance,505356
COST,2018,control,134,Governance,505356
COST,2018,award,119,Governance,505356
COST,2018,vest,112,Governance,505356
COST,2019,align,7936,Governance,516583
COST,2019,family,5647,Governance,516583
COST,2019,fasb,2077,Governance,516583
COST,2019,asc,754,Governance,516583
COST,2019,gaap,719,Governance,516583
COST,2019,disclosure,229,Governance,516583
COST,2019,compensation,198,Governance,516583
COST,2019,control,129,Governance,516583
COST,2019,award,117,Governance,516583
COST,2019,vest,111,Governance,516583
COST,2020,align,20289,Governance,863066
COST,2020,family,5548,Governance,863066
COST,2020,fasb,4366,Governance,863066
COST,2020,gaap,3789,Governance,863066
COST,2020,asc,1741,Governance,863066
COST,2020,presentation,581,Governance,863066
COST,2020,disclosure,428,Governance,863066
COST,2020,compensation,258,Governance,863066
COST,2020,award,175,Governance,863066
COST,2020,vest,128,Governance,863066
C,2021,align,2445,Governance,439927
C,2021,fasb,1970,Governance,439927
C,2021,asc,843,Governance,439927
C,2021,gaap,578,Governance,439927
C,2021,compensation,356,Governance,439927
C,2021,disclosure,264,Governance,439927
C,2021,vest,256,Governance,439927
C,2021,award,230,Governance,439927
C,2021,investor,214,Governance,439927
C,2021,control,178,Governance,439927
BMY,2017,align,29361,Governance,1864174
BMY,2017,family,19903,Governance,1864174
BMY,2017,fasb,2559,Governance,1864174
BMY,2017,asc,1269,Governance,1864174
BMY,2017,vest,447,Governance,1864174
BMY,2017,award,426,Governance,1864174
BMY,2017,pension,418,Governance,1864174
BMY,2017,control,396,Governance,1864174
BMY,2017,rsus,395,Governance,1864174
BMY,2017,disclosure,380,Governance,1864174
BMY,2018,align,29008,Governance,1751806
BMY,2018,family,19631,Governance,1751806
BMY,2018,fasb,2444,Governance,1751806
BMY,2018,asc,1236,Governance,1751806
BMY,2018,vest,448,Governance,1751806
BMY,2018,award,413,Governance,1751806
BMY,2018,rsus,406,Governance,1751806
BMY,2018,control,398,Governance,1751806
BMY,2018,disclosure,383,Governance,1751806
BMY,2018,pension,363,Governance,1751806
BMY,2019,align,28459,Governance,1391049
BMY,2019,family,19209,Governance,1391049
BMY,2019,fasb,3708,Governance,1391049
BMY,2019,gaap,1582,Governance,1391049
BMY,2019,asc,1410,Governance,1391049
BMY,2019,rsus,428,Governance,1391049
BMY,2019,pension,390,Governance,1391049
BMY,2019,disclosure,389,Governance,1391049
BMY,2019,vest,335,Governance,1391049
BMY,2019,award,312,Governance,1391049
BMY,2020,align,60110,Governance,3002545
BMY,2020,family,39192,Governance,3002545
BMY,2020,gaap,9030,Governance,3002545
BMY,2020,fasb,6306,Governance,3002545
BMY,2020,rsus,2445,Governance,3002545
BMY,2020,asc,2244,Governance,3002545
BMY,2020,vest,1837,Governance,3002545
BMY,2020,award,1442,Governance,3002545
BMY,2020,control,1434,Governance,3002545
BMY,2020,presentation,1204,Governance,3002545
BMY,2021,align,51200,Governance,2274300
BMY,2021,family,17392,Governance,2274300
BMY,2021,gaap,8943,Governance,2274300
BMY,2021,fasb,7258,Governance,2274300
BMY,2021,asc,2863,Governance,2274300
BMY,2021,presentation,1187,Governance,2274300
BMY,2021,award,858,Governance,2274300
BMY,2021,rsus,835,Governance,2274300
BMY,2021,vest,772,Governance,2274300
BMY,2021,disclosure,744,Governance,2274300
BA,2020,compliance,55,Governance,7758
BA,2020,assessment,24,Governance,7758
BA,2020,review,19,Governance,7758
BA,2020,investor,18,Governance,7758
BA,2020,examination,12,Governance,7758
BA,2020,assess,9,Governance,7758
BA,2020,approve,9,Governance,7758
BA,2020,test,8,Governance,7758
BA,2020,disclose,7,Governance,7758
BA,2020,independent,6,Governance,7758
BA,2021,compliance,55,Governance,12918
BA,2021,assessment,25,Governance,12918
BA,2021,review,21,Governance,12918
BA,2021,examination,12,Governance,12918
BA,2021,approve,11,Governance,12918
BA,2021,investor,10,Governance,12918
BA,2021,assess,9,Governance,12918
BA,2021,test,8,Governance,12918
BA,2021,disclose,7,Governance,12918
BA,2021,independent,7,Governance,12918
BA,2019,compliance,53,Governance,6997
BA,2019,assessment,23,Governance,6997
BA,2019,review,15,Governance,6997
BA,2019,examination,11,Governance,6997
BA,2019,investor,10,Governance,6997
BA,2019,assess,9,Governance,6997
BA,2019,approve,9,Governance,6997
BA,2019,test,8,Governance,6997
BA,2019,independent,6,Governance,6997
BA,2019,elect,5,Governance,6997
AMGN,2017,align,17904,Governance,1076063
AMGN,2017,family,12107,Governance,1076063
AMGN,2017,fasb,2086,Governance,1076063
AMGN,2017,asc,1029,Governance,1076063
AMGN,2017,gaap,686,Governance,1076063
AMGN,2017,disclosure,396,Governance,1076063
AMGN,2017,award,381,Governance,1076063
AMGN,2017,control,368,Governance,1076063
AMGN,2017,compensation,324,Governance,1076063
AMGN,2017,vest,272,Governance,1076063
AMGN,2018,align,18538,Governance,1127657
AMGN,2018,family,12539,Governance,1127657
AMGN,2018,fasb,1770,Governance,1127657
AMGN,2018,asc,867,Governance,1127657
AMGN,2018,gaap,714,Governance,1127657
AMGN,2018,award,522,Governance,1127657
AMGN,2018,disclosure,402,Governance,1127657
AMGN,2018,control,358,Governance,1127657
AMGN,2018,compensation,351,Governance,1127657
AMGN,2018,vest,274,Governance,1127657
AMGN,2019,align,18600,Governance,1142355
AMGN,2019,family,12802,Governance,1142355
AMGN,2019,fasb,2644,Governance,1142355
AMGN,2019,gaap,1471,Governance,1142355
AMGN,2019,asc,924,Governance,1142355
AMGN,2019,disclosure,434,Governance,1142355
AMGN,2019,award,372,Governance,1142355
AMGN,2019,control,347,Governance,1142355
AMGN,2019,compensation,314,Governance,1142355
AMGN,2019,vest,245,Governance,1142355
AMGN,2020,align,37895,Governance,2074370
AMGN,2020,family,26090,Governance,2074370
AMGN,2020,gaap,7592,Governance,2074370
AMGN,2020,fasb,4312,Governance,2074370
AMGN,2020,asc,1464,Governance,2074370
AMGN,2020,presentation,914,Governance,2074370
AMGN,2020,disclosure,797,Governance,2074370
AMGN,2020,award,562,Governance,2074370
AMGN,2020,control,474,Governance,2074370
AMGN,2020,compensation,412,Governance,2074370
AMGN,2021,align,28890,Governance,1643700
AMGN,2021,family,10903,Governance,1643700
AMGN,2021,gaap,7363,Governance,1643700
AMGN,2021,fasb,5413,Governance,1643700
AMGN,2021,asc,2053,Governance,1643700
AMGN,2021,presentation,924,Governance,1643700
AMGN,2021,disclosure,760,Governance,1643700
AMGN,2021,award,505,Governance,1643700
AMGN,2021,compensation,409,Governance,1643700
AMGN,2021,control,403,Governance,1643700
CAT,2019,align,64655,Governance,4527596
CAT,2019,family,42324,Governance,4527596
CAT,2019,fasb,3934,Governance,4527596
CAT,2019,gaap,2868,Governance,4527596
CAT,2019,asc,1395,Governance,4527596
CAT,2019,disclosure,631,Governance,4527596
CAT,2019,pension,595,Governance,4527596
CAT,2019,cd,594,Governance,4527596
CAT,2019,compensation,480,Governance,4527596
CAT,2019,award,469,Governance,4527596
CAT,2020,fasb,959,Governance,66384
CAT,2020,asc,390,Governance,66384
CAT,2020,gaap,227,Governance,66384
CAT,2020,disclosure,97,Governance,66384
CAT,2020,control,95,Governance,66384
CAT,2020,compensation,69,Governance,66384
CAT,2020,vote,47,Governance,66384
CAT,2020,award,45,Governance,66384
CAT,2020,vest,27,Governance,66384
CAT,2020,audit,26,Governance,66384
CAT,2021,align,78887,Governance,3635849
CAT,2021,family,32733,Governance,3635849
CAT,2021,gaap,15404,Governance,3635849
CAT,2021,fasb,7077,Governance,3635849
CAT,2021,asc,2686,Governance,3635849
CAT,2021,presentation,1394,Governance,3635849
CAT,2021,disclosure,1025,Governance,3635849
CAT,2021,pension,603,Governance,3635849
CAT,2021,compensation,514,Governance,3635849
CAT,2021,award,498,Governance,3635849
CAT,2018,review,5,Governance,1287
CAT,2018,vote,4,Governance,1287
CAT,2018,compliance,4,Governance,1287
CAT,2018,control,2,Governance,1287
CAT,2018,disclosure,2,Governance,1287
CAT,2018,disclose,2,Governance,1287
CAT,2018,duly,2,Governance,1287
CAT,2018,charter,2,Governance,1287
CAT,2018,sarbanes,2,Governance,1287
CAT,2018,governance,1,Governance,1287
AXP,2018,align,40682,Governance,1461228
AXP,2018,family,24434,Governance,1461228
AXP,2018,fasb,2599,Governance,1461228
AXP,2018,asc,1300,Governance,1461228
AXP,2018,disclosure,513,Governance,1461228
AXP,2018,gaap,426,Governance,1461228
AXP,2018,compensation,240,Governance,1461228
AXP,2018,reward,224,Governance,1461228
AXP,2018,award,222,Governance,1461228
AXP,2018,control,174,Governance,1461228
AXP,2019,align,37229,Governance,1393030
AXP,2019,family,23587,Governance,1393030
AXP,2019,fasb,3671,Governance,1393030
AXP,2019,gaap,1518,Governance,1393030
AXP,2019,asc,1272,Governance,1393030
AXP,2019,disclosure,502,Governance,1393030
AXP,2019,reward,273,Governance,1393030
AXP,2019,compensation,235,Governance,1393030
AXP,2019,award,222,Governance,1393030
AXP,2019,control,177,Governance,1393030
AXP,2020,align,66367,Governance,2377387
AXP,2020,family,22581,Governance,2377387
AXP,2020,gaap,7875,Governance,2377387
AXP,2020,fasb,5601,Governance,2377387
AXP,2020,asc,1927,Governance,2377387
AXP,2020,presentation,1069,Governance,2377387
AXP,2020,disclosure,840,Governance,2377387
AXP,2020,award,372,Governance,2377387
AXP,2020,compensation,263,Governance,2377387
AXP,2020,reward,252,Governance,2377387
AXP,2021,align,36981,Governance,1877026
AXP,2021,family,17119,Governance,1877026
AXP,2021,gaap,7294,Governance,1877026
AXP,2021,fasb,6597,Governance,1877026
AXP,2021,asc,2556,Governance,1877026
AXP,2021,presentation,1035,Governance,1877026
AXP,2021,disclosure,792,Governance,1877026
AXP,2021,award,338,Governance,1877026
AXP,2021,reward,266,Governance,1877026
AXP,2021,compensation,262,Governance,1877026
AXP,2017,align,41757,Governance,1499979
AXP,2017,family,25103,Governance,1499979
AXP,2017,fasb,2743,Governance,1499979
AXP,2017,asc,1366,Governance,1499979
AXP,2017,award,600,Governance,1499979
AXP,2017,disclosure,520,Governance,1499979
AXP,2017,gaap,456,Governance,1499979
AXP,2017,compensation,331,Governance,1499979
AXP,2017,vest,282,Governance,1499979
AXP,2017,control,227,Governance,1499979
GS,2021,compliance,121,Governance,93455
GS,2021,cd,40,Governance,93455
GS,2021,examination,39,Governance,93455
GS,2021,assessment,35,Governance,93455
GS,2021,review,28,Governance,93455
GS,2021,investor,26,Governance,93455
GS,2021,approve,22,Governance,93455
GS,2021,test,22,Governance,93455
GS,2021,assess,21,Governance,93455
GS,2021,retain,17,Governance,93455
